Original Text	User annotations	Annotated Text
Her father was an Englishman ``of rank and culture'' and her mother was a free woman of color, described as light-skinned. When Mary was six, her mother sent her to Alexandria (then part of the District of Columbia) to attend school. Living with her aunt Mary Paine, Kelsey studied for about ten years.
Her initial ambition was to become a ``cultured'' private secretary working in the highest cultural circles. A month later, the Michigan League building opened, serving co-eds as the Michigan Union served men. Hartwig began by doing secretarial work there, when Dr. Margaret Bell, the head of women's physical education, spotted her.
She auditions to be a dancer at Cheung Lai Yuen for a better income and a chance to find her father, who is the Emperor. Evergreen Mak as Ko Yan (**) / Kiu Bo-lung (***), a Music Bureau official who looks over Cheung Lai Yuen. In a quarrel with Ming-but, Bo-lung loses his memory and gets half of his face burnt.
Many guests, both European and native, were invited. On approach of the May Frere at port of Bhavnagar, Colonel Barton (the political Agent), Major Woodhouse (the Assistant Political Agent) and Diwan Sahib Samaldas went in a steam launch and brought the Governor and his party ashore.
The historical Octavia Minor's first husband was Gaius Claudius Marcellus Minor, and she bore him three children, Marcellus, Claudia Marcella Major and Claudia Marcella Minor; the Octavia in Rome is married to a nobleman named Glabius, with whom she has no children.
Detective Roe appears, and reveals he is the patriarch of the cannibal family, and the father of Leatherface (who he refers to as ``Gary''). Vanessa never escaped, the hospital room is just one of the family's sheds. Roe pulls a sheet over Vanessa's head, and he and Daisy beat her to death with a wrench.
Later in the day, he announced the reappointment of Paul Biyoghe Mba as Prime Minister; he made the announcement personally ``to underline the importance of this moment''. According to Bongo, Biyoghe Mba had the necessary experience and managerial competence ``to lead us through the next stage'', and he said work would start ``immediately''.
Finally Tony marries Anne which irks Daniel. Soon life starts disturbing Anne as she finds out that Tony was actually cheating her as he is a conman. Tony explain her why he became a conman and his past struggling life. In between Daniel gets killed by Tony as he tries to rape Anne.
The explanation offered by Muirhead is more prosaic than the fanciful rumours suggested. He examined the clothing left behind in the lighthouse and concluded that James Ducat and Thomas Marshall had gone down to the western landing stage, and that Donald MacArthur (the 'Occasional') had left the lighthouse during heavy rain in his shirt sleeves.
In the second act, Victor's apartment is shown from a different angle, and the Krap home is still visible. For much of the act, that part of the stage is empty, except for a moment where Jacques lights the lamp and paws his master's armchair. At one point, Victor arrives, and Jacques allows him to sit in his father's chair.
His work as an arranger, producer and songwriter throughout the subsequent decades has brought him into contact with the leading Latin artists of the day, including Roc*o D*rcal and Isabel Pantoja. In addition to recording numerous hits on his own, Gabriel has produced albums for D*rcal, Lucha Villa, Lola Beltran and Paul Anka.
Reviewer Peter Travers wrote in Rolling Stone that ``Streep--at her brilliant, beguiling best--is the spice that does the trick for the yummy Julie & Julia.'' Similarly, Stephanie Zacharek of Salon concluded that ``Streep isn't playing Julia Child here, but something both more elusive and more truthful--she's playing our idea of Julia Child.''
At the emergency room, the baby was pronounced dead. Suspicion mounted against Tinning, who was always alone when the children died, but there wasn't any evidence of wrongdoing. However, after a police interrogation, Tinning confessed to smothering Tami Lynne, Nathan, and Timothy (which she later retracted).
Towards the end of Edward's reign, Alice was accused of making his life a misery and of luring him with her charms only to further her own personal ambitions. According to Charles Cawley, Perrers had three illegitimate children by King Edward, all while their relationship was a secret from his wife, Queen Philippa and the public.
Alice Perrers is the protagonist of Emma Campion's novel, The King's Mistress. She appears in Anya Seton's novel, Katherine.
Aki and Mitsuko's homeroom teacher begins class, but suddenly brandishes a machine gun and opens fire, killing all the girls except Mitsuko. Before she can fire another round, Sur and Taeko burst in, grab Mitsuko, and the three hide. Another homeroom teacher, who has just killed her own entire class, finds and kills Taeko and Sur.
Although he has an ugly appearance, he is very fit, agile and nimble. He goes to Jizhou (**) and steals for a living. He is nicknamed ``Flea on a Drum'' for his excellent thieving skills. Shi Qian runs into some trouble in Jizhou (present-day Ji County, Tianjin) and Yang Xiong helps him.
Other people whose names were cited as possible candidates were MPPs Patrick Reid, Jim Bullbrook, Jim Breithaupt and MPs Norman Cafik, John Roberts and Anthony Abbott. Some Liberals including Donald Deacon tried to recruit former federal finance minister John Turner for the leadership election, but he declined.
Indrajith's role is that of a police officer who was tagged as a ``loser'' and hence different from other traditional cop roles. Asha Sarath was signed to play a journalist named Haritha, with the actress stating that Haritha was ``as unscrupulous as Geetha'', her character in Drishyam.
Then he persuades future son-in-law Ben to bet on a sure thing, Leadpipe, but gets a tip on another horse just before the race, bets Ben's money on that instead, then watches Leadpipe win. In danger of losing his business, if not his family, Jimmy delays paying off Ben, who excitedly believes his horse was the winner.
The leader of the Legnano--Pirelli team, Graziano Battistini, was listed on the start list, but he withdrew from the Tour before stage one and was not replaced. Although he was cleared to race by the Tour's doctor, Pierre Dumas, Battistini thought he was suffering from azotemia.
She begins a relationship with him, unaware he is also seeing Gloria Todd (Sue Jenkins), a barmaid at the Rovers Return Inn. When Rita discovers his infidelity, she issues him an ultimatum. Although Alan chooses Gloria over Rita, Gloria changes her mind about being with him and ends their affair.
When Herman and Fred are arrested and imprisoned for petty theft charges, Ma takes over the group and leads Arthur and Lloyd on a bank robbery spree to gain enough money to get her sons out of jail. The gang is joined by a gunman named Kevin (Bruce Dern) who was Fred's cellmate during his incarceration (and his strongly implied lover).
M states they leave and anyone who wants to, can come with him. Mr. M leads the mutants to a nearby island in the middle of a lake where they are joined by the O*N*E and the X-Men. Johnny Dee, under the command of General Demetrius Lazer, uses his ``voodoo dolls'' to make Leech depower Mr.
For her artist days, Parol cited artists such as Shirley Manson, Steven Tyler, Pat Benatar, Chrissie Hynde, Joan Jett and Debbie Harry as her biggest influences.
However, they do manage to get into the festival vibe in one sense, when experimenting with drugs leads to some surprising results. Get on Downer - Lacking excitement in her social life, Dolly plans to throw a party - but after mentally crossing Belle, Nobby and her family off the guest list, realises she doesn't really know anyone else.
Boyfriend - Dolly bumps into an old friend from school, Sid, and the two get along well. However, when Belle points out that Sid fancies Dolly, she becomes incredibly nervous and makes a mess of things.
Zane was born Elizabeth Frances Zane in Chicago, Illinois, the daughter of Thalia and William George Zane, Sr., founders of a medical technical school. Her family's original surname, ``Zanetakos'', was anglicized to ``Zane'' by her parents.
Suspecting Cilla was having another affair, Les kicked her out and Cilla came clean to Fiz about her illness, who told Chesney and Les. The family were reunited by Cilla's hospital bed, and Cilla then returned home. On finding out that husband Les and best mate Yana had slept together, Cilla hatched a plan to get her own back.
He brings her to his small hometown, where she is not exactly greeted with open arms. Hubbell's overbearing mother, Fanny, is appalled by the news of their marriage and frowns upon the idea of Michelle's moving in with them. Fanny hosts a wedding reception, where Michelle interacts with the colorful locals, who all seem to despise her.
Celia had lost her father shortly before coming to school. They immediately bonded and asked to share a room together since Celia was alone in a private room and Mandie was stuck in a full room. Celia has thick auburn hair, fair skin and green eyes and is much quieter than Mandie. She has a crush on Robert, who she met at a school tea.
In the present day, Emma looks happy and sees Mary Margaret holding her baby boy as she prepares for the upcoming coronation even though they haven't named him yet.
She escapes to Glasgow, where she comes across a wide variety of characters, who all help her to solve the mystery of where her grandparents are. Donaldson has spoken openly about how the character of Mary, who suffers from a mental illness, was inspired by the people she met while her son was in hospital.
The offering, though Isaac does not know this, is to be Isaac himself. ``Then Abram bound the youth with belts and straps'', which suggests imagery relating to a young soldier being sent, possibly against his will, in a uniform to fight. When he makes to sacrifice his son, an angel calls from heaven, and tells Abram not to harm Isaac.
In her mainly positive review of Haythornthwaite's paper 'Learning, Culture and Community in Online Education: Research and Practice', Nora Wright of the University of California found one problem with the paper, in that it appears less approachable to students and researchers than the content would suggest.
Born in Graz and like all of her siblings, Eleanor suffered of the famous Habsburg inferior lip. She was regarded as intelligent but moody, mainly for her frail health after suffered from smallpox in her childhood. Together with her sisters Gregoria Maximiliana and Margaret, Eleanor was a prospective bride for the future King Philip III of Spain.
The first building in Richwood was a one-room log cabin on the north side of Ottawa Street occupied by Dr. John P. Brookins and his family. Dr. Brookins was a friend of Philip's from Mt. Vernon and had been looking for a place to practice his medicine.
Her struggles at Oldfields greatly prepared Goodale for her future education, career, and especially mentorship that she would face later on in life. Goodale was able to get through her years at Oldfields with the help of her teacher Miss Anderson who acted as Goodale's mentor during her time in school.
Maria was born in Modena to Francesco I d'Este, Duke of Modena and his consort Maria Caterina Farnese. A member of the House of Este, she was a princess of Modena by birth.
He was even caught and photographed naked on set. Co-star Madeline Wool and the actress who played 'Broccoli woman' managed to resist his overly aggressive advances. The Broccoli actress even asked Marenghi to remove Todd from the series which, of course, he could not do.
Thomas is at the Clay Pits and begins to wonder if the footprints were a prank by Bill and Ben. He asks them if this is the case and, offended that he is apparently ungrateful that they risked their lives for him, they angrily puff away. Percy tells Thomas about his paranoia, prompting James to make fun of Percy.
Chan, oblivious to what's happening behind him, calls out to the squad to bring in a medic for Tin Tin, prompting Tin Tin to spare Chan. Chan finds Joe on the roof of the Convention Centre. Having captured and tied up Frank, Joe threatens to throw him to his death.
Sue and Fire return to the gang's new hideout. Seeing Sue's injury, Joe shoots and kills her. Joe's gang accesses Chan's police file on a computer, with Joe bent on taking revenge. Joe then arranges to meet Chan's girlfriend, Ho Yee, in the police station. He wraps a time bomb around her neck before leaving.
Introduced as Marion Davies' niece, Lake socialized with such notables as Clark Gable, Jean Harlow, Charlie Chaplin and Gloria Swanson. Lake lived with Marion Davies for the major portion of her life and Hearst financially supported Lake all of her life. After Lake's marriage, Davies continued to support both Patricia and her husband Arthur.
The family is financially supported by Cedric's late wife's domineering and nearsighted aunt Lady Adelaide Stitch, who demands custody over one of the children. She first wants Christianna (Chrissie), one of the daughters, but Evangeline, Cedric's uneducated scullery maid, volunteers and Adelaide agrees, assuming she is one of the daughters.
A bloodied Yoko appears banging on the door, begging for help, moments before the Noh-masked figure breaks in. Ai is chased outside by the killer, and finds Yuka's corpse, and a delusional and dying Takako. The murderer catches up to Ai, and pulls off the Deigan mask to reveal she is Maki.
However, a visit from Cousin Helen shows her that she must either learn to make the best of her situation or risk losing the love of her family. Helen tells Katy that she is now a student in the ``School of Pain'' where she will learn lessons in patience, cheerfulness, hopefulness, neatness and making the best of things.
Adam continues to fend off his drug dealer's collectors and to see Dr. Rosshilde for drug tests. He remains impervious to her judgments about his sobriety and his perfectionism but, when asked, admits he knows Tony is in love with him. When Adam receives an invitation to the reopening of Reece's restaurant, he asks Helene to accompany him.
Etta (voiced by Leigh-Allyn Baker) is the lead hen and the mother of Maddy. She used to be a good friend of Ben.
This became the last single that The Supremes made as a quartet. After this record, fourth member Barbara Martin left the group to start a family leaving Ross, Ballard and Wilson as a trio from then on. Martin is not pictured on the cover both due to her pending departure and because she was noticeably pregnant at the time of the photo shoot.
Faida Hamdy is the daughter of Myriam and Taher Hamdy (a previous Policeman). Her brother Faouzi Hamdi is a teacher and an UGTT member.
Alice went to live with Nick's sister Kathy, who desperatley tried to contact Elsa but was shocked to discover she'd moved to Australia without telling anyone. Relising she was all Alice had left and just how selfish and uncaring Elsa was, Kathy took custody of Alice.
She might look like butter wouldn't melt, but she's her father's daughter through and through.'' She was also described as conniving, backstabbing and cold-hearted. Altman described Dotty as ``a chip off the old block'', as did Nancy Banks-Smith from The Guardian though the Daily Record described Dotty as ``a chip off her grandma's block''.
Warner with the suggestion she and her sisters star in the film. Warner agreed, and Leota was summoned from New York to test for the part of Emma, but proved unsuitable. The studio substituted Gale Page, a young contractee as the fourth daughter. The actress would be tagged for the rest of her career as the fourth Lane.
Theresa, her brother Sancho and sister Urraca were the only children of Afonso and Matilda to survive to adulthood. Named after her paternal grandmother, Countess Theresa, she was reputedly King Afonso I's favourite.
Wade asks Daisy to marry him and the ceremony is held on the Swans' estate. On the first night of their honeymoon in Arizona, he drives off and leaves her. When she returns to Raymond's house, an extremely intoxicated Melora reveals to Daisy that she had an affair with the closet homosexual Wade.
Ellen Arden (Monroe), a photographer and mother of two small children, has been declared legally dead, having been lost at sea in the Pacific. Her husband Nick (Dean Martin) has remarried; he and his new wife, Bianca (Cyd Charisse), are on their honeymoon when Ellen, rescued from an island where she has been stranded for five years, returns home.
She sets conditions, however. Peeta, Johanna Mason, Annie Cresta, and Enobaria, fellow Games victors captured by the Capitol, are to be granted immunity. Katniss also demands the privilege of killing Snow, but Coin only agrees to flip for the honor. For her sake, a rescue mission is mounted that succeeds in rescuing Peeta, Johanna and Annie.
In addition, her father was the first head of their church's credit union, which helped the parishioners with small loans. Polly has two sisters: Fernie, now a retired Dean from the University of Colorado, and Bettie Baca, a consultant in Washington, DC. Her great-grandfather helped found Trinidad, Colorado.
It is the first film by independent superstar director Dan Garcia, who produced Death Toll and Sinners and Saints. Louisiana Governor Chip Majors (James DuMont) is front in line to be North Carolina Senator Edmonds' (Steven Bauer) Vice Presidential nominee. The day he is to be announced, Majors goes to a hotel, where he meets a prostitute.
She also has fun tormenting Betty about her crush on Henry, calling him her ``Nerd Lover.'' In the episode ``Crush'd'' she becomes Betty's roommate and despite the ups and downs, both begin to bond slowly, Amanda taking the responsibility of paying half of the rent and Betty starting to take her advice seriously.
In the prequel comic to Injustice: Gods Among Us, Helena is a member of Batman's insurgency , that combats Superman's One-Earth regime, she was very close to Kate Kane and Renee Montoya , Helena is killed in a battle against Wonder Woman , thus angering Kate and strengthening her resolve to fight the regime.
She stated that she had arranged for her husband to get a better job and then she offered to take Mary Agnes to a nearby store and buy her some clothes and shoes. Eventually, Catherine gave her consent. Later, Catherine commented that Mary Agnes sobbed and refused to go with the woman, but she was taken anyway.
Kravtchenko and Ludmila Savinkova were among the six gymnasts in the Soviet team for Group Exercise and won the gold medal, marking the beginning of the Soviet rhythmic gymnastics school's international successes. Both Savinkova and Kravtchenko were coached by Tamara Lisitzian, and later on, by her sister Maria Lisitzian.
A few months pasted before Jared had another fight, his next fight was in Tokyo, Japan, Jared lost the fight. Jared was then selected to be on the sixth season of The Ultimate Fighter. Jared was on , Jared fought on Team Hughes. In his first fight of the competition, Rollins was defeated by George Sotiropoulos.
But through it all, Cynthia has a secret friend: Anne Frank. In a flashback scene early in the film, Cynthia's now-dead father gives his young daughter a dog-eared copy of The Diary Of Anne Frank and for the rest of the film Anne's words, read verbatim by Cynthia, provide both her solace and her inspiration.
Muir focused on designing modern private homes, especially for clients in Malibu, Pacific Palisades, and other affluent Southern California communities. Among her celebrity clients were Shirley Temple, Robert Taylor and Barbara Stanwyck.
The orchestra moved on to the Mound Club in St. Louis, Missouri where he signed with William Foor-Robinson Orchestra Corporation of America. The Tal Henry orchestra went on to Harrisburg, Pennsylvania. Ed Fishman introduced Bob Hope and George Burns to Tal Henry and His North Carolinians and booked them into the Stanley in Pittsburgh.
Despite Anand's efforts Raju manages to loot the sword but then discovers that he's actually the son of Rajasekaran and he himself had been instrumental in stealing his own family treasure for the wrong men. With the help of Anand, Raju fights with Nagalingam's gang to successfully retrieve their family treasure and reunites with his family.
Despite Lagertha's enmity towards Aslaug, Ragnar decides to take the princess as his second wife. Humiliated, Lagertha leaves Ragnar and Kattegat. Ragnar tries to stop her and pleads with her to return, but she rebuffs him. Ragnar's sorrow is multiplied when Bjorn rejects him and goes away with his mother.
While she is about to go and give her resignation letter, Sitara asks her about her father and Barkha tells her that he left to the United States for some kind of military training and never heard from him again. Raaj and Salma come to pay a visit to Sitara while Barkha has gone to give her resignation from her post.
Pat Magnum is the main character of an Italian comics series drawn by Vince Vita. He is depicted as a dark curly-haired private detective with a beard and moustache, and an occasional womanizer.
Jason Hoyte as Ray Neilsen, the proprietor of a local pub and the co-owner of the ``Lord of the Ringz'' tours. He has been widowed twice, with both wives being killed in similar ways. Roy Ward as Reverend Lucas Greene, the local Anglican priest. He is a kindly man who thinks well of others out of Christian charity.
She was born in Paris, the non-marital daughter of the Mexican artist Diego Rivera and his mistress, the Russian-born painter Marie Vorobieff-Stebelska (``Marevna''). Rivera, who was married to Angelina Beloff at the time, did not accept his daughter. So she grew up under the care of her mother.
Tom's father, Warwick, turns up and asks his son to lease the family's wine vineyard to a mining company. Maggie tries to stay out of it, but ends up telling Warwick a few home truths. Carlos and Grace each try to help Rob and Colette. Rob meets a surfer on the South Coast and almost has sex with her, before returning home.
This is RnB stated in a review of the video ``Captivating the camera with some sexy dance routines choreographed by Fatima Robinson and rolling around on the hood of a classic Impala, Sevyn lets her prospective suitor know that her love is well-worth the wait, and she's ready to give it up.''
Born in Glasgow, Ure was the daughter of civil engineer Colin McGregor Ure and Edith Swinburne. She went to the independent Mount School in York, and trained for the stage at the Central School of Speech and Drama, then based at the Royal Albert Hall, London, where her classmates included the actress Wendy Craig.
Layla Sarakalo is an American radio host and fashion designer. Sarakalo was classically trained under Beaumont Newhall at the University of New Mexico. Following graduation, she taught costume history and textile restoration in conjunction with the Museum of International Folk Art in Santa Fe.
Believing this birthmark to be a sign of evil, she was cast out into the desert to perish. However, a magician from Khitai sheltered her and, as she matured, instructed Salome in the arts of sorcery. Salome -- along with a Shemite mercenary named Constantius -- rape Queen Taramis and confine her to the palace dungeon.
A longtime Chicago -area resident, she credited her experience as an athlete with allowing her to see beyond the racism and hatred that surrounded her as a child. White died of pancreatic cancer at Northwestern Memorial Hospital, according to Sarah Armantrout, a longtime friend who was with White when she died.
Pam and Tara clean up Elijah's body; Jessica, after learning about Russell's attempt to kill Sookie, decides to call Jason, but Bill asks her why, and refuses.
Andy Spade is the co-founder of Partners & Spade, along with Anthony Sperduti. He started his career in advertising working on brands such as Coca-Cola, Lexus, and Paul Stuart.
In order to pass the time by, Starr and Cole decided to watch a movie. Half way through the movie, things began to slowly heat up. Cole then started leaning in closer towards Starr, though she wasn't quite sure how to react.
Contemporary analysis reveals that Perot could have won the election if the polls prior to the election had shown the candidate with a larger share, preventing the wasted vote mindset. Republicans, including Vice President Dan Quayle, blamed Perot for their defeat, claiming that he won votes that would have otherwise gone to Bush.
Yasuko has a nightmare about her husband's death in an avalanche and is comforted by Mieko, who holds her in an intimate embrace. Yasuko questions Mieko about her intentions for her with regards Ibuki but Mieko attests her innocence, claiming that she only wants to provide for Yasuko's happiness.
Mahoney offers Sten and his gang a chance to leave Vulcan if they can get the information he needs. Unfortunately, during the mission they are discovered and Sten is apparently the only one who makes it back alive. True to his word, Ian takes Sten off the hellhole of his birth, but enlists him the military to keep him safe.
Canadian Broadcasting Corporation journalist Carol Off began research to write a biography of Louise Arbour. Following input from fellow journalist and author Stevie Cameron, she broadened the book's scope to include profiles of Rom*o Dallaire and Lewis MacKenzie.
Rosemary admits to Philip Martin (Ian Rawlings) that she feels guilty about not coming back sooner, but Philip tells her that Helen knew how much she loved her. On the eve of Helen's funeral, Rosemary makes her peace with Debbie.
A neighbour of Ervine's who was a member of the Ulster Defence Association (UDA) William Irvine, had died in one of the bomb blasts on Bloody Friday. Before joining the UVF Ervine had attempted to join the Royal Ulster Constabulary (RUC), but due to a misdemeanour in his childhood involving a stolen bicycle, he was refused entry.
The enraged Drucci continued to threaten and taunt Healy: ``Go on you kid copper, I'll fix you for this. Take your gun off and I'll kick hell out of you.'' Finally, Drucci struck Healy and tried to get his gun.
She has a rich social life and two lovely daughters, though feels that her husband treats her more as a servant than as a loving wife. When John arrives in town, he first speaks to Margaret, through whom he learns that Alexandra is not aware that she is adopted.
Kelly described Kylie and Becky as having a love-hate relationship, but at the time Becky ``wants to kill her''. Lane also sees Kylie as a ``mixed-up girl'', stating that she feels sorry for her. Lane herself stated that Kylie loves her sister but ``feels resentful'' that Becky left home when Kylie was only eight.
One can't buy ready-mixed KCN. Nancy Pearl, Book Lust -- When Stout is on top of his game, which is most of the time, his diabolically clever plotting and his storytelling ability exceed that of any other mystery writer you can name, including Agatha Christie, who invented her own eccentric genius detective Hercule Poirot.
Laxman's worries receive severe backlash from Tarun, an ardent skeptic. Soon, each night at the bungalow seems to turn for the worse, with knocks at unearthly hours, demonic sounds and eerie movements. Tarun suspects Laxman to be the mischief-maker, trying to prove his points.
At the police station, Lee hands in the thugs to a police sergeant (Richard Ng), who appears throughout the film, both as a pursuer and as an investigation case to Wong and Lee. Lee later receives a good citizen award and leaves Wong's agency to start his own.
Yanowitz was the original drummer of The Wallflowers, and for Natalie Merchant on her first three solo records Tigerlily, Ophelia, and Live in Concert. He also played drums for Money Mark, the Black Sabbath tribute band Hand of Doom with Melissa Auf der Maur, and with Nina Nastasia, on her album Dogs.
Jones was only allowed to describe that ``there will be feathers'' in the series. Whit (voiced by Whitmer Thomas) - Whit is a slacker who is prone to erratic behavior and severe lapses of judgement. He is a yellow duck who wears a red hat. Clay (voiced by Clay Tatum) - Like his best friend Whit, Clay too is a slacker.
Cass formed a partnership with aspiring reporter Kathleen McKinnon, leading to several years of romantic sparring, criminal investigations, dangerous adventures, and the first real love of his life. Cecile, now a widow, tried to get Cass back, kidnapping him and making Kathleen believe Cass had chosen her, but Cass escaped and won her back.
Background(edit) The track showcases Soulja Boy's style as he raps about how loud his audio pumps. It finds the rapper exhibiting the same pop sensibility fans have come to know. Soulja Boy stated Interscope executive Jimmy Iovine and rapper Kanye West really liked the track which drove him to release it as a single.
In this episode, his character's last name is Peters (later Hale). With Becky going back to work, Jesse becomes ``Mr. Mom'', while also trying to pursue a record deal. Meanwhile, Danny deals with Vicki leaving, and Stephanie accidentally stains D.J's sweater, which she had told her not to wear.
Maya confesses her love to Yash, but Yash refutes her advances, as he does not want her to become his weakness in his professional life. However, Swati (Sandhya Mridul), the wife of Yash's coworker and good friend, convinces Yash that he is in love with Maya as well and Yash decides to get married to her.
He has little luck, although a drunk old gambler claims he recognises one of the pictures, causing Rebus to suspect that one of the brothers may be working as a bookmaker. The next day, Rebus learns that Eddie has disappeared after a night out. Pat Calder insists to Rebus that Eddie always returns home safely, despite his alcohol problem.
He currently directs an obesity center at the Texas Children's Hospital that he developed. Klish also played a role in the popular documentary Super Size Me created by Morgan Spurlock. Klish monitored Spurlock's health as he binged on fast food.
She is a loving heart trapped beneath an ugly facade, ignored and unappreciated by those who fail to see beyond what is skin-deep. Bakekang is a woman whose only desire is to feel a little affection from the world that has deprived her of everything she has always longed for. Through Kristal, Bakekang will feel the kind of attention she longs for.
Lance is in a non-committal relationship with a younger teacher named Claire (Alexie Gilmore), who is spending time with a fellow teacher named Mike (Henry Simmons), whose writing class is more successful than Lance's. On nights when Claire cancels their dates and he is alone, Lance bonds with his elderly neighbor Bonnie (Mitzi McCall).
Pink Asuka is from the same village as Daichi and can thus also talk to animals. She was the second name chosen to represent her village, she aims to become a Major Grapper so she can prove she is most worthy to represent her village, she does not believe Daichi can handle the responsibility because he is too slow and kind.
Merrill De Maris is a writer who worked on Disney Comic Strips for King Features Syndicate. De Maris helped Floyd Gottfredson with many of his early Mickey Mouse comic strips --
When John kisses Jill Carpenter (Josephine Mitchell), Gina avoids him. Gina is then kidnapped along with Xavier and Martha and are entrapped in a water vat, they escape death when Xavier manages to escape. Gina goes to see John who is entertaining Jill, he forces Gina to leave, leaving her confused.
Triple H confronted Rollins and ordered security to eject Rollins from the arena. Rollins attacked a few security guards but was eventually taken away by them. In the main event, Shinsuke Nakamura defended the NXT Championship against Bobby Roode. Roode targeted Nakamura's leg throughout the match which injured him.
They fly to confront King Tut in one final battle and a brick restores his memory. As they take him away, a pair of twins seize the jewels that were stolen by the Tutlings. Batman, Robin, Commissioner Gordon and Chief O'Hara interrogate King Tut as Harvey waits in the shadows, with O'Hara constantly hitting Tut on the head with his baton.
She agreed and Henry paid her the hefty sum of money. The next day Jane disappeared and Henry realized he had been conned. He linked it to Kieran and threatened him. Kieran realised that Henry was making money off selling shares for his horse to multiple people and keeping the race money for himself.
Marsdin thanks the DEO and Supergirl for protecting her, but they are unaware that she is actually an alien. In between the events, at a meeting James and Snapper butt heads over who has the final say. Kara is given the task of interviewing Lena about her views on aliens.
Karelsprivilege is a legendary privilege that Charlemagne allegedly paid to the Frisians led by Magnus Forteman to thank them for the support that was given to his attack on Rome.
Swayze was the daughter of Gladys Mae (Snell) and Victor Elliott Karnes. She married Jesse Wayne Swayze , an engineering draftsman.
While fleeing through an underground passage, Michael is captured. As they continue, they find Chris' engagement ring for Natalie, with no sign of Chris. While climbing a ladder, a gang of mutants drags Zoe back down, forcing Amanda and Paul to leave her behind, emerging from the passage right beside the exposed reactor core.
Martin began the practice of having the Weatherbird comment on current events, and set the standards of six words maximum for the ``birdline'' (the Weatherbird's comments). Assisted by reporter Carlos Hurd (who helped write the birdlines), Martin drew the Weatherbird until his death.
The film's title is adapted from the famous short story ``Bhoomiyude Avakashikal'' by Vaikom Muhammad Basheer although the film is not based on the story. Also the film is done as a tribute to Basheer and his ideologies. Chandran says, ``No, the film is not based on the Basheer story, but it is a film that is dedicated to him.
When drinking the water, he exclaimed ``Kanti amanzi mtoti'' (isiZulu: ``So, the water is sweet''). The river came to be known as Amanzimtoti (``Sweet Waters''). The Zulu word for ``sweet'' is actually mnandi, but, as Shaka's mother had the name Nandi, he invented the word toti to replace mnandi out of respect not to wear out her name.
Dugan, he humorously blows on his nose and lets him drop to the ground (in the same style that Mr. Miyagi defeated Kreese at the start of the second movie) where his students look down at him with disappointing looks. Louisa Pierce (Constance Towers) Julie's grandmother and only known living family member. She and Mr.
She agrees, and as she's crossing the street to return home, a car barrels down the road towards her. Gideon stops the impending accident and allows Abbie to cross the street without incident. The next day, the Graingers visit Jack's grandfather, Caleb. He gives the children presents:
Another source--Libyan psychologist Seham Sergewa--reported that several of his female bodyguards claim to have been raped by Gaddafi and senior officials. After the civil war, Luis Moreno-Ocampo, prosecutor for the International Criminal Court, said there was evidence that Gaddafi told soldiers to rape women who had spoken out against his regime.
Williams was shrewd, discreet, and efficient.'' In a profile in Essence Magazine Ana Perez, who during George Bush's administration was the first Black person to serve as a press secretary to a First Lady said of Williams: ``I am in awe of her....
Hannah Davis is the daughter of actress Jean Boht and film composer Carl Davis. She is a writer, director, and actress, having made two feature-length films under her production company, Mansion Pictures called Mothers & Daughters and The Understudy.
Sune feels so ashamed over his shorter hair that he tries to use adhesive tape to attach the hair again. At school, he does not end up being teased so much for his short hair as he feared. The Andersson family also attend an entertainment evening, which end up embarrassing for Rudolf as H*kan and Sune take him to the stage.
Calvin cheated on Carmel with both her sister Mercedes and cousin Theresa, and ended up getting Theresa pregnant. Calvin refused to stay with Theresa and their new baby, Kathleen Khloe McQueen, and in revenge Therea shot Calvin dead at his second wedding to Carmel. The McQueen's discover Theresa's guilt although agree to protect her.
Around the same time, and under the duo name of Cover Up, Palmer dueted with John Payne (of Asia) on a song called ``Love The One You Live / Feel the Fire'', written by Stephen Stills and Palmer/Payne respectively. After his period with Mike Oldfield, Barry Palmer then decided to focus totally on his own solo career.
During this time, Joe discovers that the Soviet enforcer who murdered Yulia goes by the codename 'Odin' and works in the West, eliminating treacherous agents who attempt to defect or betray Russia. Joe had actually encountered Odin at one of their early investigations in London, but was unable to capture him.
After adopting a son, Henry, with Mallet, it was soon revealed that Shayne and his girlfriend Lara were the child's biological parents. After annulling his marriage to Dinah, who fled town to avoid being charged with the murder of a man she thought was Edmund Winslow, Shayne wanted to become a real father to his son.
Jenny Clow was a domestic servant to Agnes Maclehose. Her mistress sent her to deliver a letter to the poet and he seduced her.
The kibbutz is named for Endor, a village mentioned in the Bible - an accordance with the common Zionist practice of bestowing Biblical names on modern communities and towns. After the death of the prophet Samuel, King Saul comes to Endor to meet a woman medium (the Witch of Endor) who helps him to contact the spirit of Samuel.
Arthur Leo Zagat was an American lawyer and writer of pulp fiction and science fiction. Trained in the law, he gave it up to write professionally. Zagat is noted for his collaborations with fellow lawyer Nat Schachner. During the last two decades of his life, Zagat wrote short stories prolifically.
Both men denied taking the badge. When Jude and the others stayed inside Antonessen's truck, the mob threatened them, saying ``Nigger, we can kill you.'' During this confrontation, Ryan Packard took Jude to the ground, where other off-duty officers held him down and searched him for the badge.
Upon her retirement as its London Advisor, the Felton Bequest commissioned from John Brack a portrait of Ursula Hoff, which it then donated to the National Gallery of Victoria.
His guest-starring appearance on Cimarron City led him to his starring in his own series later that year, Laramie, one of the few network television programs set in Wyoming. Patrick Kelly called Fuller to his office, that a young, unfamiliar actor realized he had done something wrong, knowing he'd be fired.
When Mashiro was feeling depressed due to Takumi's words, Chie suggested to Aoi to bring in Arika to cheer her up which works and pulls both out of their depression. Chie was also aware that Tomoe Marguerite was involved in numerous plots to take out Arika Yumemiya but rather than report Tomoe she orders her to stop it.
Annabelle Jaramillo is an American politician from the state of Oregon, of Latina descent. She currently serves as the Chair of the Benton County Board of Commissioners.
Veronica talks to the teacher, but he denies that he ever touched Carrie. Meanwhile, Wallace Fennel (Percy Daggs III) steals Carrie's school file while Veronica asks Duncan (Teddy Dunn) for the name of his practitioner, wanting to find out what meds he was taking. Veronica angrily confronts Carrie about her lying.
Ellen, Paige and Audrey go to Womyn Fest (a fictionalized Lilith Fair), where a fortuneteller convinces Audrey that Ellen will meet a new soulmate at the festival and forget about Laurie. Singing duo Indigo Girls guest star. Now back together, Ellen helps Laurie deal with the death of her father.
Ang Lalaking Nagmahal Sa Akin by Vanessa, a romance writer from PHR, is the story of Flor who moves from the province to the city to in a hotel. She falls in love with the owner of the hotel, Zephy.
Rick says that an unspecified ``they'' forced him to blame Veronica. Later, Logan walks through the hallway and faces scorn and stares from the other students because of the incident with his father. Weevil (Francis Capra) talks to Rebecca while Veronica listens through her car radio.
During Rebecca James' grief counseling sessions, Logan confesses that he and Lilly Kane were broken up when she died and it was because Veronica saw him kissing someone else.
During their search, the rebels cut nearly all of the telephone wires, severing communications between their prisoners on the palace grounds and the outside world. At about the same time, in Yokohama, Kanagawa Prefecture, another group of Hatanaka's rebels led by Captain Takeo Sasaki went to Prime Minister Suzuki's office, intent on killing him.
It happened that among the Hindu tribes which had migrated Southward before the encroachments of the Mahomedans was that of the Samas, who settled at Saminagar (now Nagar Thatha), in Sindh. Wala Ram's sister had been married to the chief of the Samma tribe, and her son, Ra Chuda, was selected to follow his uncle at Wamansthali.
Apollo meets up with Peter and opens up about his and Phaedra's falling relationship. Kenya starts casting for her new TV show. Apollo talks face-to-face with Phaedra for the last time before heading to prison. During a dinner party, things get heated as Kenya and Cynthia confront Phaedra about her allegedly cheating on Apollo.
Susan Batson is an American producer, actress, author, acting coach, and a life member of the Actors Studio. Susan's mother, Ruth Batson, was a noted civil rights activist. She trained with Harold Clurman, Uta Hagen, Herbert Berghof, and Lee Strasberg.
JJ Babu was a horse that excelled in the sport of eventing, under American rider Bruce Davidson. * JJ Babu was purchased by Davidson as a yearling. He was not only a good-looking horse, but was well-tempered.
The plot concerns Laura Lamb (Ada May), nicknamed ``Lollipop'' at an orphanage, and still called that even after she is adopted by a rich, catty lady named Mrs. Garrity (Zelda Sears). Laura meets an attractive plumber at the Garrity's, is accused of stealing Mrs. Garrity's purse, from which she is acquitted, and attends a masked ball in costume.
Anna Domino (born Anna Virginia Taylor) is a Tokyo-born indie rock artist who has released several recordings under that moniker. Notable performers Domino has collaborated with include The The, Blaine L. Reininger and Virginia Astley. She also played with one-hit wonder s, including Mania D and Tar.
It is up to Sauvage to continue the fight, which means bringing in a reinforcement in his friend Casey Bledsoe (Mark Griffin), and training some new recruits not of his choosing. Intending to give back to the streets that taught him toughness, Barclay insists that Sauvage compose his team of bodyguards by hiring people from Barclay's gym.
Anyhow, Anastasia is later taken to the sultan, who is bitten in his fist by Anastasia. But as soon as she looks up and discovers who he is, she is no longer afraid anymore. Meanwhile Halime Sultan flees along with her children, Dilruba and Mustafa, so as to save the latter from execution and eventually have him ascending to the throne.
Then, Garnett, ``who soon discovered Walker's 'yeah's to be the equivalent to a round of applause, was told 'Come back tomorrow--on salary. ''' Film Editor Richard Currier recounted that Walker never drove a car, so his wife had to drive him to work every day.
Geri moved into the halls with Sam Smallwood, Nikki Sullivan, Anna Green and Alex Bell, and soon formed a strong friendship with Anna that would last throughout her time in Hollyoaks. Geri hooked up with Rory Finnigan, but was dropped by him when he returned to Carol Groves. After much teasing, she finally got together with Adam Morgan.
Calling the book a ``tedious and poorly written story of Wurtzel's melodramatic life, warts and all (actually all warts),'' Erica L. Werner asked in The Harvard Crimson, ``How did this chick get a book contract in the first place? Why was she allowed to write such crap?''
Averell's plan is to ignite a cattle war and promote his own political career by providing leadership once the war has begun. However, Blaine discovers Averell's plan. After Blaine and Kate have explained it to their men, they stage a fake war, and Blaine forces Averell to signal his men.
He has a crush on Farah Ibrahim (Aiza Khan), the mill owner's daughter, and claims to receive letters from Farah which he reads in front of his friends, although he refuses to disclose the name of the girl. Farah on the other hand is getting married to Mahtab (Umer Naru), a family friend, but she does not want to marry him.
Afzal receives a call from the undercover Police to resume his target killing but he informs them that he no longer wants to be their target killer. Yasmeen is curious about the Farah who writes letters to Afzal. Afzal, unable to express his feelings to Farah had written letters from Farah to himself. Yasmeen goes to Farah and confronts her.
Achilles takes up the challenge, fighting for Agamemnon, but agrees to fight not for Helen but for his own honor. Achilles easily succeeds in killing Hector. That night Helen, fearing for Paris's safety, goes to the seer Cassandra and asks to know what she can do to protect Paris.
Ferguson was brought in as an opponent for Ray Mercer on the undercard of a Riddick Bowe title defense against Michael Dokes. Mercer was expected to knock Ferguson out and fight Bowe for the title. Instead Mercer showed up ill prepared and Ferguson, perhaps motivated by the big stage, dominated him.
The next day Erica said she had a sore throat and had a fever. Her health project partner, Alexa pointed out that those were the symptoms of Mono. Erica was later in bed sick, when Aaron arrived to take Erica for a drive, Heather heard the things Erica said about her and she went with him.
Willie's younger brother, Tad, cried for nearly a month because he and Willie were very close brothers. Lincoln generated no official correspondence for four days. Mary was so distraught that Lincoln feared for her sanity.
Ronald Wilson Reagan Dutch, shortly after his birth, his father said he looked like a ``fat little Dutchman''; reinforced when he wore a Dutch boy haircut (see pageboy) as a youngster The Great Communicator for his ability to communicate The Gipper, after his role as George ``The Gipper'' Gipp in the film Knute Rockne, All American.
Mark Chelmsley IV, a rich child living in New York, is unhappy about moving to a small town in New Hampshire. His parents work constantly and are extremely wealthy, but often spend very little with him. Mark is closer to Anya and Leon, a Russian couple employed as his family's maid and butler.
It is revealed that now the Piper travels the world seeking pests so he may kill for the fun of it. The three animal kings end the story by swearing revenge. Even with his new found powers, Saul is not free and is forced to stay in a shadows by King Rat.
Sarah takes Sissy and Hetty to a restaurant, where she asks questions for her new book ``Penny for a Posy''. After asking her questions, Sissy leaves and Sarah takes Hetty back to the Hospital after buying her ink and a book. When Hetty is returned to the hospital, Ida collapses and loses her shoe.
Afraid that no one would believe her, Rita remained silent and she and Ed were married. A few months later, Roger also raped Holly and Rita became overcome with guilt at having not come forward herself. Holly did press charges, and when it looked like Roger would be acquitted, Rita finally revealed that Roger had raped her too.
At a crucial moment, she kills him with his own dagger, then rescues Odette and Siegfried, who have jumped into the lake to drown together rather than be separated. When the sun rises, the girls remain girls, indicating that Rothbart's spell has died with him. Odette marries Siegfried and gives Odile a position on her council.
Heidi claims that her son is a keen skateboarder, which worries Clyde as he knows Luke has a poor sense of balance and is a dreadful skateboarder. To prove her statements, Heidi gives Clyde a photo of her, Jay and Luke together before closing the door. Clyde decides to bring the photo to Mr Smith, so that he could analyze it.
He said this could be explained by the right camber of the road towards the dam, and the fact the car had poor wheel alignment, meaning it would move uncontrolled to the right. Farquharson's thoracic medicine specialist Chris Steinfort also concluded it was 'highly likely' his patient suffered from cough syncope on the night.
Mr Telford was of the most genial disposition and a delightful companion, his laugh was the heartiest I ever heard; it was a pleasure to be in his society.'' George Turnbull states that Telford wrote and gave him a poem:
Irina Bokova, director-general of UNESCO, said, ``I deplore the murder of Mayada Ashraf, killed while carrying out her professional duty to inform the public '' the Director-General said.
Jedi Quest is an eleven-book series written by Jude Watson about Obi-Wan Kenobi, his apprentice Anakin Skywalker, and the events that take place in the fictional Star Wars expanded universe between Episode I:
For a time, he possessed the Silver bullet. Tia Dalma - A powerful voodoo priestess and old acquaintance of Jack Sparrow. She has an unknown relationship with Jean and Constance, though it is known that Tia Dalma did turn Constance into a cat, so they most likely have a lot of tension. She said that Constance was very bad in a past life.
On the eighth day, Raju goes to Rajesh's bungalow but realises the family are on holiday. Therefore, Raju goes back to India, until he overhears Robin calling Rajesh and inviting him over to his house. Raju gets into the boot of Rajesh's car so he can also go with them.
The boulder heated by the sun burned Bilal's body while also crushing him. After such punishments, news of this slave reached some of Muhammad's companions who told Muhammad of the slave. Muhammad then sent Abu Bakr. Eventually, Abu Bakr negotiated a deal with Umayyah to purchase Bilal and emancipate him from slavery.
Lily goes to David and admits she didn't really sleep with her boss. David thinks Lily is too spoiled and warns her to stop manipulating other people's feelings, or soon there will be no-one left to play with. He kisses her goodbye and leaves in a cab. As Lily walks away, Gerri confronts her, having overheard their conversation.
Additionally, they can't move because of the cold. They are surrounded by the enemy, and don't know what to do anymore. Ken, Jinpei and Ryu run to their aid. Through the actions of Ken and the others, the magma mega cannon is destroyed. With the warm friendship of his comrades, Joe has been freed from his pain.
His favourite pastime is playing the ``House Rules Parcheesi'', a game which has many, very complicated rules, that is claimed to be rather opposite to Calvinball. Llewellyn married Millie's Mother at the end of the Daily Strip. Of all the characters in Ozy and Millie, Simpson has claimed that Llewellyn is her favorite.
Janet believes Mike may be having an affair with his assistant, Claire Hackett (Maura McGiveney). Janet's beliefs are fueled by the Harpers' busybody landlady, Vanessa Courtwright (Hermione Baddeley), who thinks Janet can play Mike's game by entering into an affair of her own, whether it be real or made-up.
She's a mum first and foremost and she's got her identity from being a mum. (...) She's a quiet person. (...) She's strong and she's way classier than I'll ever be!'' Gabby is also portrayed as being ``quiet''. In the same interview, Oruche noted the differences between Gabby and her character Liberty Baker in Footballers Wives.
Phil then leaves alone. Gabby tries to reason with Amber but she ignores her. Gabby meets Cindy Hutchinson (Stephanie Waring) at Cincerity boutique and they become friends. She goes to the charity fashion show and sees Cindy. Gabby invites Cindy to Tony's flat not realising she is Tony's wife.
Moina does not know that her father is alive and her father is none other than Konok Kakon's husband. Konok Kakon will try to kill Moina but Nupur will save her from death.
Claire finds herself enmeshed in a deep relationship with Gabe, but it may be shallower than she thinks when he lies to her about going to visit his father, who Claire later finds out died when Gabe was four. David fires Angela for breaking one of his mother's wine glasses, and on her way out, Angela reveals to Ruth that her son is gay.
Nina began to displace all her aggression toward her father's former wife. Even after Donna exonerated Daisy for Zach's murder, Nina could not waive her intense feelings of hate towards her. At Donna's wedding to Benny Sago, Nina came with a gun. She tried to shoot Donna, but luckily missed.
Alan searches the ship with no success, but the other passengers and crew remain nonchalant about the matter. Toby tells Alan that Eileen isn't really gone, but only seems that way because Alan has ``been missing her.'' When Alan retires to his room, Eileen is there wearing the nightgown that Millie wore on her honeymoon.
Maria Scharnetzki was born in Bochum, then a booming industrial town located between D*sseldorf and Dortmund, and after marrying a man named Backenecker, spent her early adulthood as a working class housewife.
Tina Charles of TV Guide also welcomed the character back, and enjoyed how Ellen's initial reaction to Dean Winchester--hugging and then slapping him--was ``very much in character''. Regarding the character's death, Charles noted that ``when Ellen went down in 'Abandon All Hope' like she did, I felt it.
It was William Sproat, the younger brother of her second husband, who fingered her because he wanted Robert Sproat's will in favour of Daisy declared invalid. Daisy refused to refund an alleged loan from Mrs Jane Sproat, Robert's mother, to Robert; she regarded it as a gift and argued that it was not stipulated in the will as a loan.
Blender s Jane Dark complimented its ``lighthearted genre-hopping'', writing that it ``suggests nothing so much as a Broadway smash about a restless country star, borrowing from many styles, beholden to none''. Sarah Rodman of The Boston Globe praised Rimes' songwriting and dubbed Family ``the best, most cogent album of her career''.
Some time later Anne miscarries a male child, which bruises but does not destroy her relationship with Henry, still hopeful for a son. However, Henry then takes Anne's lady in waiting Jane Seymour as a mistress and his relationship with Anne is finally wrecked when she is imprisoned by Cromwell.
Leslie himself is willing to leave Catherine for Julie, but she does not want to leave her husband for Leslie, so Leslie stays on Catherine's side. When her son Rodney marries Betty Anderson, Catherine looks down on her and makes sure she knows it.
A young girl, Carol, is sent to deliver eggs to Miss Brown who looks after a large old house. Whilst there, Carol spots a small porcelain Chinese statue. Miss Brown is about to tell Carol a secret of the statue when she is interrupted by Carol's goat, Bella, who is eating her flowers.
Alongside Perri's slowed vocals and fitting lyrics a montage of Revenge``s last season is played. Directed by Elliott Sellers, Perri's music video was shot on the Revenge set in Los Angeles. With clips from the show, Emily's love triangle is showcased between her childhood friend Jack and Hamptons'' Daniel Grayson played by Joshua Bowman.
He walks the streets of the ancient cities, try's a food specialty of the region, Giant Spiders, and goes to see old museum full of war memories from the past. Matt travels to America to be taught wrestling for another of his sporting challenges, Konnie spins some plates on sticks with guest, Andrew, and Zoe takes her first pancake challenge!
Rob will do anything for Diane as she ``pretty much stepped in and saved his life'' with Sinead and Finn. The storyline looks at how Sinead and Finn cope with the pressure and disappointment of IVF and the potential arrival of a new baby brother or sister. Davis stated that Sinead is upset that Diane is desperate for a baby of her own.
According to some the attack was part of the oligarchs' conspiracy. However the historiography accept the words of an Italian chronicler, who remembered the tragic events fifteen years later. Accordingly Queen Elizabeth's younger brother, Prince Casimir (future King of Poland) allegedly seduced Klara Z*h and her father wanted revenge for that.
Alexandra Byrne is a costume designer. Alexandra Byrne trained on the Motley Theatre Design Course under Margaret Harris before embarking on her career as a costume designer in film.
She hosted Lancaster, California radio station KVVS's show, Maximum Rotation. She has performed all over the world, including, Detroit, Michigan, Cambridge, Singapore, Calgary, Hollywood, Montreal, and Omaha. She has been compared to Kylie Minogue and Deborah Harry. She's also been called Om Records' First Lady of House.
In the fifth season, following a five-year time jump, Karl reveals that Marissa has left him and their son, Evan (Sawyer Church), because of the stresses of motherhood. Bree Hodge (Marcia Cross), Susan's friend and neighbor, hires Karl as her divorce lawyer.
Born in Manhattan, New York to parents, Dr. Daniel Moros and Dr. Ann Schongalla, Rebecca attended Mamaroneck High School but only played her freshman year for the school.
Things get a little interesting only after Sudha (Ranjitha) enters the picture and ends up hugging Madhu right in front of Seetha's eyes. Seetha is diagnosed with a deadly heart condition and decides to have Madhu and Sudha to tie the knot for the sake of a good life for her young son.
Alec gently persuades Queen to ride back to the south side, saying that in the North she would find only ``cold weather and cold-hearted Yankees'', so Queen acquiesces. Soon Alec introduces Queen to Dora (Madge Sinclair), the cook in the home of Mr. Cherry (George Grizzard), a widower, where she gets a job as a maid.
Marcus becomes jealous of McTeague, and claims that he has been cheated out of money that would have been rightfully his if he had married Trina. The marriage takes place, and Mrs. Sieppe, along with the rest of Trina's family, move away from San Francisco, leaving her alone with McTeague.
When the judge asks her about her baby brother being ``different'' from her, the only thought that occurs to her is that her brother is a boy, while she is a girl. The judge recognizes that the family situation in the Richards home is superior for Ellen in every way except for the fact that she is white, growing up in a black household.
Donald (Kevin Dobson) and Maureen (Dee Wallace) are a married couple who get horrible news: their son was involved in a car accident and has died. Liddy (Tracey Gold), his wife, has never met Donald and Maureen. Despite that, they take her in, because she is all alone.
Linda Atkinson is a wealthy girl from Hollywood who is the same age as Donna. Adele Norcross arranges for Linda and Donna to catch up during Donna's holiday. Linda invites Donna to her mansion and elaborate party.
Althea is the mother of teenager Jennifer. Althea's husband leaves her; this has a horrible influence on her relationship with her daughter. When Althea starts to date other men, Jennifer can't accept this. Meanwhile, Althea is irritated by Jennifer taking over her own habits.
On Valentine's Day, Bud awaits his first Valentine (which he thinks is a trick cooked up by Kelly), Kelly must choose one Valentine from the many boys who are attracted to her, Steve plans to take Marcy to Hawaii, Marcy plans to pop out from a cake naked, and Peg wants Al to say ``I love you'' to her.
In this self-titled series premiere, it is Eloise's sixth birthday. This is based on the book by Kay Thompson. On her birthday, Eloise makes a new friend, Yuko, but lands her in trouble.
They celebrate, only to discover more Frond robots, all brandishing the clothes of various supporting characters from the series. The scene cuts to the Belcher siblings sitting at a picnic table in a beach in Mexico (or Belize, as Gene claims), where they have been forced into hiding, as Louise finishes writing her journal.
At a meeting of the Springfield Investorettes, Marge admits that she is reluctant to invest money in high-risk ventures and is ejected from the group. After some consideration, Lisa convinces Marge to buy her own franchise.
The film was Fox's first real talkie, using the Movietone sound system which had been used for sound effects in Sunrise, although it still contained silent sections. The sound sections were directed by actor Charles Judels. The film starred Madge Bellamy, with Louise Dresser as her domineering mother, Barry Norton, and Albert Gran.
Kenney-Silver was born Kerri Kenney in Westport, Connecticut, the daughter of Sharon (McGaughey) and Larry Kenney, an actor who is known for his classic voice-over work. She has a sister, Ashley, and a brother, Tanner.
Immediately hitting the blackjack tables, he begins to blow all his money, resulting in them breaking off in their own directions. While he tries to regain his money through the help of his cousin-in-law, Eddie, Ellen becomes infatuated with Wayne Newton as Rusty wins big at the dice tables and Audrey turns to go-go dancing with her cousin, Vicki.
Ragland said that The Forum managers should have ensured that attendants were ``more closely monitored''. Psychologist Margaret Singer, author of Cults in Our Midst, appeared before the court as an expert witness in the case. In her testimony, Singer asserted that Ney's attendance at The Forum was tied to her mental breakdown.
Vivian's younger brother Rickey (Eli Marienthal) simply aspires to get attention. Vivian and Rita are close and speak sometimes in their own invented language. Vivian learns that Rita has no desire to attend nursing school and also has no clue as to what to do with her life.
Jemima Shore is a fictional character created by Antonia Fraser, and is portrayed as TV's consummately professional investigative journalist. She is featured in a series of crime novels.
The novel is set in Bath, Somerset and centres on two main characters: Miss Abigail Wendover and Mr Miles Calverleigh When attempting to enlist Miles' help in preventing a clandestine marriage between his nephew, Stacey, and her niece, Fanny, Abigail finds herself attracted to the black sheep of the Calverleigh family.
Vanitha is born to Ganeshan and Kamala as the youngest of four children at Tiruchirappalli, Tamil Nadu. Her father is from Manjeri, Kerala, whose paternal ancestors originally hails from Tamil Nadu and her mother is from Tiruchirappalli.
Johnny, enraged at being betrayed and deceived again by Lyja, broke things off with her again. However, still in love with Johnny, Lyja stalked him while as a human, Laura Green. Johnny was initially interested in a fellow college student but when he realized nothing was going to materialize with her his focus shifted to Laura/Lyja.
According to her mother, Tatyana Vladimovna, Demkina was a fast learner, but was otherwise a normal child until she was ten years old, at which time her ability began to manifest itself.
According to her mother, Tatyana Vladimovna, Demkina was a fast learner, but was otherwise a normal child until she was ten years old, at which time her ability began to manifest itself.
On the way to the airport, Morales had gotten into an accident and was in the hospital in a critical condition. Their son, Benjamin, was also in the car, but was not hurt. Etzioni called the emergency room phone number, where the doctor said that Morales died instantly, her car shot off the icy road into a tree.
She won back-to-back three setters against Victoria Azarenka and Elena Dementieva, the latter of whom she beat in the final to win her fifth title of the year. She then entered the China Open in Beijing. In the third round, Wozniacki faced Petra Kvitov*, who had routed her at Wimbledon.
When Matthew Kane (Stephan Jenkins) becomes a successful architect, he leaves his wife of seven years, Laura (Joyce Hyser), to nurture his newfound taste for younger and prettier women. Bent on revenge, Laura hires a beautiful con artist named Tuesday (Nichole Hiltz) to seduce and emotionally destroy her ex-husband.
Little else is known about Will's life before W.I.T.C.H. Comics: The series began with Will and her mother moving into the city of Heatherfield on a rainy day. While Susan Vandom appeared to be looking on the bright side of things, Will displayed a sour expression of hatred for her new life in said city.
The film follows the four main characters from the TV series. Cheryl catches her husband cheating on her, Anouk half-accidentally commits art fraud, Claire leaves her fianc* at the altar, and Roelien fights with her family because of her pro-environment views.
Balagan deceives and outwits Hugo into helping him or staying out of his way. Katharine Isabelle as Danni -- a bartender at the hotel. Danni serves as a source of information. Melanie Papalia as Pippa -- younger sister of Rosemary (Balagan's deceased fianc*e), she is determined to find out who killed Rosemary.
Sal Cinquemani of Slant Magazine noted that the song ``is structured in Morissette's distinct listy lyrical fashion,'' citing the line ``Do you have a big intellectual capacity but know that is does not equate wisdom?'' as an example. For Nikki Tranter of PopMatters, the song ``details exactly what Alanis is looking for in her perfect guy.
A mustard tin containing two pawn tickets issued to Emily Birrell and Anne Kelly was discovered on Eddowes' body. These eventually led to her identification by John Kelly as his common-law wife, after he read about the tickets in the newspapers.
Lily Allen recorded a parody of ``Window Shopper'' called ``Nan, You're a Window Shopper'', about her grandmother.
When asked how she felt about Fey's portrayal, Sarah Palin replied, ``I watched with the volume all the way down and I thought it was hilarious....
The next day, Peggy visits Stacey in hospital and asks her to confess to burning the pub, as a sentence for arson would be less than one for murder, but Stacey refuses. Peggy realises that Stacey needs to look after her daughter so she leaves.
Jacky had decked out the Lorelei Lee to carry passengers across the Atlantic Ocean, so it was equipped for the voyage to Australia. The Lorelei has three levels of open hammock spaces and Jacky, knowing which level is best, claims the top level of hammocks for her and her new crew of girls.
The series begins with Bloody Jack, Curse of the Blue Tattoo, Under the Jolly Roger, In the Belly of the Bloodhound, Mississippi Jack, My Bonny Light Horseman, Rapture of the Deep, and is followed by The Mark of the Golden Dragon. Jacky has purchased a ship, the Lorelei Lee, with the Spanish gold she recovered from the Caribbean sea.
The scene was extremely moving, and shocked fans of Hollyoaks all across the UK. It was quite upsetting, as Suzanne and Hannah glared at the body of Melissa whilst Hannah cried. After Melissa's death, Suzanne was determined to see Hannah recover from her illness.
On the morning of her disappearance, Alison stayed with Ian in Hilton Head but later found videos of Jenna and Toby and later fled after witnessing an argument between him and Melissa before she visited Jenna who she thought was her tormentor and threatened her.
Burnett Stone (Peter Fonda) is Lily's grandfather and Lady's caretaker. He keeps her in Muffle Mountain.
Desperate to avoid disappointing Little Ricky, Lucy decides to dress up as Superman herself. She and Ethel hatch a plan whereby Lucy will use the vacant apartment next door to walk onto the ledge and enter through the window of the Ricardo apartment during the party, hoping to fool their children into believing that she's the Man of Steel.
Bill Grainer Bill Grainer is a Grammy certified American songwriter and producer. He has written for such artists as Jai McDowall, Linda Eder, and Jennifer Hudson, with whom he co-wrote the song ``Stand Up'' for her Grammy Award-winning self-titled debut album.
The plot of the film focuses on the life of a Chinese American family who struggles with identity. The mother, Doris Chu, has undergone blepharoplasty, or ``double eyelid'' surgery, and the oldest of two daughters, Mei, has trouble understanding her mother's actions.
